ID,角色名稱
145374448,Momo
145111682,Hopper 哈波兒
143080583,Cooper蛋
157894566,派大星公爵的農奴
165310181,LechonBaboy
197772142,BabyLoot
198461128,小默默 morr
197136827,Kvk point
170148051,FiFi
143621739,Sophie蘇菲
143998435,Miaoshuang
146734784,BoyLechon
145456138,SSE
146553933,雷Nathan
143998820,一隻貓A cat
143572011,Chamuel
144866643,Ellie愛唱歌
145178451,有夠無聊
146292258,PinguBro 企鵝哥哥
143916799,Curry咖哩
144947913,༺࿎ ༒派大星JYᵀᵂᴺ༒ ༟༻
145587335,墨·默默 Morr
60560167,SSS
148557325,Asteria
114459457,༄ᶦA cat࿐ᴰᴿᴷ
114178818,SSD
159302027,Monica
143195298,Clownfish小丑鱼nemo
143015237,猫JJ
203037623,BarryQQ
207801779,mini Pingu
146291934,Anshirana8456&
146472552,Power 炮
145111955,Dylan
223130417,KennyC
144047482,勻小妹愛唱歌
144534868,༺༒南無觀世ᴵᴺᴾᵁᵀ薩༒༻
137126118,Ling
138457778,ʚ 立华奏 ɞ
135148982,代替月亮懲罰你
142769014,Vincent文森
141627495,OMG
245293527,欣欣 HsinHsin
142753783,冷氣職人
195112986,baby雷
142720136,帕奢席
184818356,Bubble（代玩版）
190263560,冷氣學徒
249200699,炸彈超人
253842612,小小無聊
251468245,baby猫
142448359,
1111111111,aaa
